{"cameraMode":{"drawMode":0,"name":"Shaded","section":"Shading Mode"},"sceneLighting":true,"audioPlay":false,"sceneViewState":{"m_AlwaysRefresh":false,"showFog":true,"showSkybox":true,"showFlares":true,"showImageEffects":true,"showParticleSystems":true,"showVisualEffectGraphs":true,"m_FxEnabled":true},"in2DMode":false,"pivot":{"x":604.285888671875,"y":226.15628051757813,"z":200.1866455078125},"rotation":{"x":0.12135844677686691,"y":-0.051265113055706027,"z":0.0060531324706971649,"w":0.9913384914398193},"size":446.0654602050781,"orthographic":false}