{"cameraMode":{"drawMode":0,"name":"Shaded","section":"Shading Mode"},"sceneLighting":true,"audioPlay":false,"sceneViewState":{"m_AlwaysRefresh":false,"showFog":true,"showSkybox":true,"showFlares":true,"showImageEffects":true,"showParticleSystems":true,"showVisualEffectGraphs":true,"m_FxEnabled":true},"in2DMode":false,"pivot":{"x":-0.17015723884105683,"y":1.5521912574768067,"z":-12.727945327758789},"rotation":{"x":0.1561976671218872,"y":-0.08994925022125244,"z":0.014288769103586674,"w":0.9835190176963806},"size":4.166025161743164,"orthographic":false}