{"cameraMode":{"drawMode":0,"name":"Shaded","section":"Shading Mode"},"sceneLighting":true,"audioPlay":false,"sceneViewState":{"m_AlwaysRefresh":false,"showFog":true,"showSkybox":true,"showFlares":true,"showImageEffects":true,"showParticleSystems":true,"showVisualEffectGraphs":true,"m_FxEnabled":true},"in2DMode":false,"pivot":{"x":21.670000076293947,"y":4.789999961853027,"z":0.23999977111816407},"rotation":{"x":-0.11712033301591873,"y":0.8163272738456726,"z":-0.17810288071632386,"w":-0.5368164777755737},"size":12.12435531616211,"orthographic":false}